{
  "model_name": "customer_churn_model",
  "created_at": "2026-06-16T15:37:49.920979+00:00",
  "sklearn_pipeline_steps": [
    "preprocessor",
    "classifier"
  ],
  "classifier_type": "GradientBoostingClassifier",
  "classifier_params": {
    "ccp_alpha": 0.0,
    "criterion": "friedman_mse",
    "init": null,
    "learning_rate": 0.1,
    "loss": "log_loss",
    "max_depth": 4,
    "max_features": null,
    "max_leaf_nodes": null,
    "min_impurity_decrease": 0.0,
    "min_samples_leaf": 1,
    "min_samples_split": 2,
    "min_weight_fraction_leaf": 0.0,
    "n_estimators": 200,
    "n_iter_no_change": null,
    "random_state": 42,
    "subsample": 1.0,
    "tol": 0.0001,
    "validation_fraction": 0.1,
    "verbose": 0,
    "warm_start": false
  },
  "metrics": {
    "accuracy": 0.8420833333333333,
    "precision": 0.7084188911704312,
    "recall": 0.5927835051546392,
    "f1": 0.6454630495790459,
    "roc_auc": 0.8817060400198097,
    "confusion_matrix": [
      [
        1676,
        142
      ],
      [
        237,
        345
      ]
    ],
    "classification_report": "              precision    recall  f1-score   support\n\n    Retained       0.88      0.92      0.90      1818\n     Churned       0.71      0.59      0.65       582\n\n    accuracy                           0.84      2400\n   macro avg       0.79      0.76      0.77      2400\nweighted avg       0.84      0.84      0.84      2400\n",
    "classification_report_dict": {
      "Retained": {
        "precision": 0.8761108207004704,
        "recall": 0.9218921892189219,
        "f1-score": 0.8984186545162155,
        "support": 1818.0
      },
      "Churned": {
        "precision": 0.7084188911704312,
        "recall": 0.5927835051546392,
        "f1-score": 0.6454630495790459,
        "support": 582.0
      },
      "accuracy": 0.8420833333333333,
      "macro avg": {
        "precision": 0.7922648559354508,
        "recall": 0.7573378471867805,
        "f1-score": 0.7719408520476307,
        "support": 2400.0
      },
      "weighted avg": {
        "precision": 0.8354455277894359,
        "recall": 0.8420833333333333,
        "f1-score": 0.8370769203189519,
        "support": 2400.0
      }
    }
  },
  "industry": "retail",
  "use_case": "customer_churn_prediction",
  "target_column": "target",
  "features_numeric": [
    "monthly_spend_zar",
    "days_since_last_purchase",
    "num_support_tickets",
    "loyalty_points",
    "account_age_months",
    "num_returns_last_year",
    "avg_order_value_zar",
    "num_orders_last_6m",
    "discount_usage_rate"
  ],
  "features_categorical": [
    "membership_tier",
    "preferred_channel",
    "province"
  ],
  "train_samples": 9600,
  "test_samples": 2400
}